date,source,title,text,ticker
2024-01-02,自媒体,Positive headline on 2024-01-02,"Policy support boosts market confidence, inflows accelerate.",INDEX
2024-01-02,WSJ,Positive headline on 2024-01-02,Company earnings beat expectations; analysts raise outlook.,INDEX
2024-01-02,WSJ,Neutral headline on 2024-01-02,Mixed market performance; investors await key data releases.,INDEX
2024-01-03,CNBC,Positive headline on 2024-01-03,"Policy support boosts market confidence, inflows accelerate.",INDEX
2024-01-03,FT,Neutral headline on 2024-01-03,Mixed market performance; investors await key data releases.,INDEX
2024-01-03,CNBC,Positive headline on 2024-01-03,Company earnings beat expectations; analysts raise outlook.,INDEX
2024-01-03,CNBC,Positive headline on 2024-01-03,Macro data improves; risk appetite increases across sectors.,INDEX
2024-01-03,自媒体,Negative headline on 2024-01-03,Earnings miss prompts downgrades; investors turn cautious.,INDEX
2024-01-03,CNBC,Positive headline on 2024-01-03,"Policy support boosts market confidence, inflows accelerate.",INDEX
2024-01-03,Bloomberg,Negative headline on 2024-01-03,Liquidity concerns resurface; volatility spikes.,INDEX
2024-01-04,Reuters,Negative headline on 2024-01-04,Geopolitical tensions weigh on sentiment; risk-off flows emerge.,INDEX
2024-01-04,WSJ,Positive headline on 2024-01-04,Macro data improves; risk appetite increases across sectors.,INDEX
2024-01-04,Reuters,Negative headline on 2024-01-04,Geopolitical tensions weigh on sentiment; risk-off flows emerge.,INDEX
2024-01-04,Bloomberg,Neutral headline on 2024-01-04,Sector rotation continues; valuations remain in focus.,INDEX
2024-01-05,自媒体,Neutral headline on 2024-01-05,Company issues routine update; minimal impact expected.,INDEX
2024-01-05,自媒体,Positive headline on 2024-01-05,Company earnings beat expectations; analysts raise outlook.,INDEX
2024-01-05,Bloomberg,Negative headline on 2024-01-05,Earnings miss prompts downgrades; investors turn cautious.,INDEX
2024-01-05,自媒体,Neutral headline on 2024-01-05,Company issues routine update; minimal impact expected.,INDEX
2024-01-05,FT,Positive headline on 2024-01-05,Macro data improves; risk appetite increases across sectors.,INDEX
2024-01-05,FT,Positive headline on 2024-01-05,Macro data improves; risk appetite increases across sectors.,INDEX
2024-01-08,自媒体,Neutral headline on 2024-01-08,Mixed market performance; investors await key data releases.,INDEX
2024-01-08,WSJ,Positive headline on 2024-01-08,Company earnings beat expectations; analysts raise outlook.,INDEX
2024-01-08,WSJ,Positive headline on 2024-01-08,Company earnings beat expectations; analysts raise outlook.,INDEX
2024-01-08,自媒体,Negative headline on 2024-01-08,Earnings miss prompts downgrades; investors turn cautious.,INDEX
2024-01-08,WSJ,Positive headline on 2024-01-08,Company earnings beat expectations; analysts raise outlook.,INDEX
2024-01-08,FT,Positive headline on 2024-01-08,Company earnings beat expectations; analysts raise outlook.,INDEX
2024-01-08,FT,Negative headline on 2024-01-08,Earnings miss prompts downgrades; investors turn cautious.,INDEX
2024-01-09,Bloomberg,Negative headline on 2024-01-09,Geopolitical tensions weigh on sentiment; risk-off flows emerge.,INDEX
2024-01-09,WSJ,Neutral headline on 2024-01-09,Company issues routine update; minimal impact expected.,INDEX
2024-01-09,FT,Neutral headline on 2024-01-09,Company issues routine update; minimal impact expected.,INDEX
2024-01-09,WSJ,Negative headline on 2024-01-09,Liquidity concerns resurface; volatility spikes.,INDEX
2024-01-09,WSJ,Positive headline on 2024-01-09,Macro data improves; risk appetite increases across sectors.,INDEX
2024-01-09,自媒体,Negative headline on 2024-01-09,Earnings miss prompts downgrades; investors turn cautious.,INDEX
2024-01-09,WSJ,Negative headline on 2024-01-09,Liquidity concerns resurface; volatility spikes.,INDEX
2024-01-10,FT,Negative headline on 2024-01-10,Earnings miss prompts downgrades; investors turn cautious.,INDEX
2024-01-10,自媒体,Positive headline on 2024-01-10,Macro data improves; risk appetite increases across sectors.,INDEX
2024-01-10,Reuters,Negative headline on 2024-01-10,Earnings miss prompts downgrades; investors turn cautious.,INDEX
2024-01-10,Bloomberg,Negative headline on 2024-01-10,Liquidity concerns resurface; volatility spikes.,INDEX
2024-01-11,CNBC,Positive headline on 2024-01-11,"Policy support boosts market confidence, inflows accelerate.",INDEX
2024-01-11,WSJ,Positive headline on 2024-01-11,Company earnings beat expectations; analysts raise outlook.,INDEX
2024-01-11,自媒体,Positive headline on 2024-01-11,Company earnings beat expectations; analysts raise outlook.,INDEX
2024-01-11,Bloomberg,Neutral headline on 2024-01-11,Mixed market performance; investors await key data releases.,INDEX
2024-01-12,WSJ,Positive headline on 2024-01-12,"Policy support boosts market confidence, inflows accelerate.",INDEX
2024-01-12,CNBC,Neutral headline on 2024-01-12,Sector rotation continues; valuations remain in focus.,INDEX
2024-01-12,FT,Positive headline on 2024-01-12,Macro data improves; risk appetite increases across sectors.,INDEX
2024-01-12,Bloomberg,Negative headline on 2024-01-12,Geopolitical tensions weigh on sentiment; risk-off flows emerge.,INDEX
2024-01-15,Bloomberg,Neutral headline on 2024-01-15,Mixed market performance; investors await key data releases.,INDEX
2024-01-15,FT,Positive headline on 2024-01-15,Macro data improves; risk appetite increases across sectors.,INDEX
2024-01-15,自媒体,Negative headline on 2024-01-15,Geopolitical tensions weigh on sentiment; risk-off flows emerge.,INDEX
2024-01-16,WSJ,Positive headline on 2024-01-16,Company earnings beat expectations; analysts raise outlook.,INDEX
2024-01-16,自媒体,Neutral headline on 2024-01-16,Company issues routine update; minimal impact expected.,INDEX
2024-01-16,Bloomberg,Negative headline on 2024-01-16,Geopolitical tensions weigh on sentiment; risk-off flows emerge.,INDEX
2024-01-17,Bloomberg,Negative headline on 2024-01-17,Earnings miss prompts downgrades; investors turn cautious.,INDEX
2024-01-17,Bloomberg,Positive headline on 2024-01-17,Macro data improves; risk appetite increases across sectors.,INDEX
2024-01-17,Bloomberg,Positive headline on 2024-01-17,Macro data improves; risk appetite increases across sectors.,INDEX
2024-01-18,Bloomberg,Negative headline on 2024-01-18,Earnings miss prompts downgrades; investors turn cautious.,INDEX
2024-01-18,WSJ,Positive headline on 2024-01-18,"Policy support boosts market confidence, inflows accelerate.",INDEX
2024-01-18,FT,Negative headline on 2024-01-18,Liquidity concerns resurface; volatility spikes.,INDEX
2024-01-18,Reuters,Negative headline on 2024-01-18,Liquidity concerns resurface; volatility spikes.,INDEX
2024-01-18,Reuters,Positive headline on 2024-01-18,Company earnings beat expectations; analysts raise outlook.,INDEX
2024-01-18,自媒体,Negative headline on 2024-01-18,Earnings miss prompts downgrades; investors turn cautious.,INDEX
2024-01-19,FT,Positive headline on 2024-01-19,Company earnings beat expectations; analysts raise outlook.,INDEX
2024-01-19,Bloomberg,Negative headline on 2024-01-19,Geopolitical tensions weigh on sentiment; risk-off flows emerge.,INDEX
2024-01-19,自媒体,Positive headline on 2024-01-19,Company earnings beat expectations; analysts raise outlook.,INDEX
2024-01-19,Reuters,Negative headline on 2024-01-19,Geopolitical tensions weigh on sentiment; risk-off flows emerge.,INDEX
2024-01-22,WSJ,Positive headline on 2024-01-22,"Policy support boosts market confidence, inflows accelerate.",INDEX
2024-01-22,自媒体,Neutral headline on 2024-01-22,Mixed market performance; investors await key data releases.,INDEX
2024-01-22,Bloomberg,Neutral headline on 2024-01-22,Mixed market performance; investors await key data releases.,INDEX
2024-01-23,CNBC,Positive headline on 2024-01-23,"Policy support boosts market confidence, inflows accelerate.",INDEX
2024-01-23,WSJ,Neutral headline on 2024-01-23,Company issues routine update; minimal impact expected.,INDEX
2024-01-23,Bloomberg,Positive headline on 2024-01-23,"Policy support boosts market confidence, inflows accelerate.",INDEX
2024-01-24,Reuters,Positive headline on 2024-01-24,Company earnings beat expectations; analysts raise outlook.,INDEX
2024-01-24,WSJ,Positive headline on 2024-01-24,Macro data improves; risk appetite increases across sectors.,INDEX
2024-01-24,FT,Neutral headline on 2024-01-24,Company issues routine update; minimal impact expected.,INDEX
2024-01-24,Bloomberg,Positive headline on 2024-01-24,Macro data improves; risk appetite increases across sectors.,INDEX
2024-01-25,Reuters,Neutral headline on 2024-01-25,Company issues routine update; minimal impact expected.,INDEX
2024-01-25,Bloomberg,Neutral headline on 2024-01-25,Mixed market performance; investors await key data releases.,INDEX
2024-01-25,Reuters,Positive headline on 2024-01-25,"Policy support boosts market confidence, inflows accelerate.",INDEX
2024-01-25,Reuters,Neutral headline on 2024-01-25,Mixed market performance; investors await key data releases.,INDEX
2024-01-25,Bloomberg,Neutral headline on 2024-01-25,Sector rotation continues; valuations remain in focus.,INDEX
2024-01-25,Reuters,Negative headline on 2024-01-25,Liquidity concerns resurface; volatility spikes.,INDEX
2024-01-25,WSJ,Negative headline on 2024-01-25,Earnings miss prompts downgrades; investors turn cautious.,INDEX
2024-01-26,FT,Neutral headline on 2024-01-26,Company issues routine update; minimal impact expected.,INDEX
2024-01-26,自媒体,Negative headline on 2024-01-26,Earnings miss prompts downgrades; investors turn cautious.,INDEX
2024-01-26,CNBC,Negative headline on 2024-01-26,Liquidity concerns resurface; volatility spikes.,INDEX
2024-01-29,Bloomberg,Negative headline on 2024-01-29,Geopolitical tensions weigh on sentiment; risk-off flows emerge.,INDEX
2024-01-29,Bloomberg,Negative headline on 2024-01-29,Liquidity concerns resurface; volatility spikes.,INDEX
2024-01-29,CNBC,Positive headline on 2024-01-29,"Policy support boosts market confidence, inflows accelerate.",INDEX
2024-01-29,Bloomberg,Positive headline on 2024-01-29,"Policy support boosts market confidence, inflows accelerate.",INDEX
2024-01-29,WSJ,Neutral headline on 2024-01-29,Sector rotation continues; valuations remain in focus.,INDEX
2024-01-29,自媒体,Negative headline on 2024-01-29,Liquidity concerns resurface; volatility spikes.,INDEX
2024-01-29,自媒体,Neutral headline on 2024-01-29,Sector rotation continues; valuations remain in focus.,INDEX
2024-01-30,Bloomberg,Positive headline on 2024-01-30,Macro data improves; risk appetite increases across sectors.,INDEX
2024-01-30,Reuters,Positive headline on 2024-01-30,Company earnings beat expectations; analysts raise outlook.,INDEX
2024-01-30,WSJ,Positive headline on 2024-01-30,Company earnings beat expectations; analysts raise outlook.,INDEX
2024-01-30,Reuters,Positive headline on 2024-01-30,"Policy support boosts market confidence, inflows accelerate.",INDEX
2024-01-31,Bloomberg,Negative headline on 2024-01-31,Geopolitical tensions weigh on sentiment; risk-off flows emerge.,INDEX
2024-01-31,Bloomberg,Positive headline on 2024-01-31,Company earnings beat expectations; analysts raise outlook.,INDEX
2024-01-31,自媒体,Neutral headline on 2024-01-31,Sector rotation continues; valuations remain in focus.,INDEX
2024-01-31,WSJ,Positive headline on 2024-01-31,Company earnings beat expectations; analysts raise outlook.,INDEX
2024-01-31,WSJ,Positive headline on 2024-01-31,"Policy support boosts market confidence, inflows accelerate.",INDEX
2024-02-01,CNBC,Negative headline on 2024-02-01,Liquidity concerns resurface; volatility spikes.,INDEX
2024-02-01,Bloomberg,Positive headline on 2024-02-01,Company earnings beat expectations; analysts raise outlook.,INDEX
2024-02-01,Reuters,Negative headline on 2024-02-01,Liquidity concerns resurface; volatility spikes.,INDEX
2024-02-01,FT,Negative headline on 2024-02-01,Liquidity concerns resurface; volatility spikes.,INDEX
2024-02-01,CNBC,Negative headline on 2024-02-01,Geopolitical tensions weigh on sentiment; risk-off flows emerge.,INDEX
2024-02-02,自媒体,Negative headline on 2024-02-02,Earnings miss prompts downgrades; investors turn cautious.,INDEX
2024-02-02,Bloomberg,Positive headline on 2024-02-02,"Policy support boosts market confidence, inflows accelerate.",INDEX
2024-02-02,WSJ,Positive headline on 2024-02-02,"Policy support boosts market confidence, inflows accelerate.",INDEX
2024-02-02,自媒体,Neutral headline on 2024-02-02,Mixed market performance; investors await key data releases.,INDEX
2024-02-02,CNBC,Negative headline on 2024-02-02,Liquidity concerns resurface; volatility spikes.,INDEX
2024-02-02,自媒体,Negative headline on 2024-02-02,Geopolitical tensions weigh on sentiment; risk-off flows emerge.,INDEX
2024-02-02,FT,Positive headline on 2024-02-02,"Policy support boosts market confidence, inflows accelerate.",INDEX
2024-02-05,WSJ,Neutral headline on 2024-02-05,Sector rotation continues; valuations remain in focus.,INDEX
2024-02-05,WSJ,Neutral headline on 2024-02-05,Sector rotation continues; valuations remain in focus.,INDEX
2024-02-05,FT,Positive headline on 2024-02-05,Company earnings beat expectations; analysts raise outlook.,INDEX
2024-02-05,FT,Negative headline on 2024-02-05,Geopolitical tensions weigh on sentiment; risk-off flows emerge.,INDEX
2024-02-05,WSJ,Positive headline on 2024-02-05,Macro data improves; risk appetite increases across sectors.,INDEX
2024-02-05,FT,Positive headline on 2024-02-05,Company earnings beat expectations; analysts raise outlook.,INDEX
2024-02-06,WSJ,Neutral headline on 2024-02-06,Company issues routine update; minimal impact expected.,INDEX
2024-02-06,FT,Neutral headline on 2024-02-06,Sector rotation continues; valuations remain in focus.,INDEX
2024-02-06,CNBC,Positive headline on 2024-02-06,"Policy support boosts market confidence, inflows accelerate.",INDEX
2024-02-06,自媒体,Positive headline on 2024-02-06,Company earnings beat expectations; analysts raise outlook.,INDEX
2024-02-06,自媒体,Negative headline on 2024-02-06,Geopolitical tensions weigh on sentiment; risk-off flows emerge.,INDEX
2024-02-07,Reuters,Positive headline on 2024-02-07,Company earnings beat expectations; analysts raise outlook.,INDEX
2024-02-07,WSJ,Positive headline on 2024-02-07,Macro data improves; risk appetite increases across sectors.,INDEX
2024-02-07,CNBC,Positive headline on 2024-02-07,Company earnings beat expectations; analysts raise outlook.,INDEX
2024-02-07,CNBC,Neutral headline on 2024-02-07,Sector rotation continues; valuations remain in focus.,INDEX
2024-02-08,Reuters,Neutral headline on 2024-02-08,Sector rotation continues; valuations remain in focus.,INDEX
2024-02-08,CNBC,Positive headline on 2024-02-08,Company earnings beat expectations; analysts raise outlook.,INDEX
2024-02-08,自媒体,Positive headline on 2024-02-08,"Policy support boosts market confidence, inflows accelerate.",INDEX
2024-02-08,Reuters,Positive headline on 2024-02-08,Company earnings beat expectations; analysts raise outlook.,INDEX
2024-02-09,Bloomberg,Negative headline on 2024-02-09,Liquidity concerns resurface; volatility spikes.,INDEX
2024-02-09,WSJ,Negative headline on 2024-02-09,Liquidity concerns resurface; volatility spikes.,INDEX
2024-02-09,WSJ,Positive headline on 2024-02-09,Company earnings beat expectations; analysts raise outlook.,INDEX
2024-02-12,Bloomberg,Positive headline on 2024-02-12,Macro data improves; risk appetite increases across sectors.,INDEX
2024-02-12,自媒体,Positive headline on 2024-02-12,Macro data improves; risk appetite increases across sectors.,INDEX
2024-02-12,WSJ,Negative headline on 2024-02-12,Earnings miss prompts downgrades; investors turn cautious.,INDEX
2024-02-13,Bloomberg,Negative headline on 2024-02-13,Liquidity concerns resurface; volatility spikes.,INDEX
2024-02-13,自媒体,Negative headline on 2024-02-13,Liquidity concerns resurface; volatility spikes.,INDEX
2024-02-13,CNBC,Positive headline on 2024-02-13,Macro data improves; risk appetite increases across sectors.,INDEX
2024-02-13,WSJ,Positive headline on 2024-02-13,"Policy support boosts market confidence, inflows accelerate.",INDEX
2024-02-13,WSJ,Positive headline on 2024-02-13,Macro data improves; risk appetite increases across sectors.,INDEX
2024-02-13,Reuters,Negative headline on 2024-02-13,Earnings miss prompts downgrades; investors turn cautious.,INDEX
2024-02-14,FT,Positive headline on 2024-02-14,Company earnings beat expectations; analysts raise outlook.,INDEX
2024-02-14,CNBC,Positive headline on 2024-02-14,"Policy support boosts market confidence, inflows accelerate.",INDEX
2024-02-14,CNBC,Positive headline on 2024-02-14,Company earnings beat expectations; analysts raise outlook.,INDEX
2024-02-14,自媒体,Positive headline on 2024-02-14,"Policy support boosts market confidence, inflows accelerate.",INDEX
2024-02-14,Bloomberg,Positive headline on 2024-02-14,Macro data improves; risk appetite increases across sectors.,INDEX
2024-02-15,FT,Positive headline on 2024-02-15,"Policy support boosts market confidence, inflows accelerate.",INDEX
2024-02-15,CNBC,Neutral headline on 2024-02-15,Sector rotation continues; valuations remain in focus.,INDEX
2024-02-15,Reuters,Negative headline on 2024-02-15,Earnings miss prompts downgrades; investors turn cautious.,INDEX
2024-02-16,Reuters,Positive headline on 2024-02-16,"Policy support boosts market confidence, inflows accelerate.",INDEX
2024-02-16,自媒体,Negative headline on 2024-02-16,Geopolitical tensions weigh on sentiment; risk-off flows emerge.,INDEX
2024-02-16,Reuters,Negative headline on 2024-02-16,Liquidity concerns resurface; volatility spikes.,INDEX
2024-02-16,CNBC,Neutral headline on 2024-02-16,Mixed market performance; investors await key data releases.,INDEX
2024-02-16,CNBC,Positive headline on 2024-02-16,Company earnings beat expectations; analysts raise outlook.,INDEX
2024-02-19,FT,Positive headline on 2024-02-19,Company earnings beat expectations; analysts raise outlook.,INDEX
2024-02-19,CNBC,Negative headline on 2024-02-19,Liquidity concerns resurface; volatility spikes.,INDEX
2024-02-19,自媒体,Negative headline on 2024-02-19,Earnings miss prompts downgrades; investors turn cautious.,INDEX
2024-02-19,FT,Neutral headline on 2024-02-19,Sector rotation continues; valuations remain in focus.,INDEX
2024-02-19,WSJ,Positive headline on 2024-02-19,"Policy support boosts market confidence, inflows accelerate.",INDEX
2024-02-19,Reuters,Neutral headline on 2024-02-19,Sector rotation continues; valuations remain in focus.,INDEX
2024-02-20,Bloomberg,Positive headline on 2024-02-20,"Policy support boosts market confidence, inflows accelerate.",INDEX
2024-02-20,Bloomberg,Positive headline on 2024-02-20,Company earnings beat expectations; analysts raise outlook.,INDEX
2024-02-20,WSJ,Positive headline on 2024-02-20,Macro data improves; risk appetite increases across sectors.,INDEX
2024-02-21,Bloomberg,Negative headline on 2024-02-21,Geopolitical tensions weigh on sentiment; risk-off flows emerge.,INDEX
2024-02-21,WSJ,Positive headline on 2024-02-21,"Policy support boosts market confidence, inflows accelerate.",INDEX
2024-02-21,FT,Neutral headline on 2024-02-21,Mixed market performance; investors await key data releases.,INDEX
2024-02-21,Reuters,Positive headline on 2024-02-21,Macro data improves; risk appetite increases across sectors.,INDEX
2024-02-21,Reuters,Negative headline on 2024-02-21,Liquidity concerns resurface; volatility spikes.,INDEX
2024-02-22,Reuters,Positive headline on 2024-02-22,Company earnings beat expectations; analysts raise outlook.,INDEX
2024-02-22,CNBC,Positive headline on 2024-02-22,"Policy support boosts market confidence, inflows accelerate.",INDEX
2024-02-22,WSJ,Positive headline on 2024-02-22,Macro data improves; risk appetite increases across sectors.,INDEX
2024-02-22,CNBC,Negative headline on 2024-02-22,Earnings miss prompts downgrades; investors turn cautious.,INDEX
2024-02-22,Bloomberg,Negative headline on 2024-02-22,Liquidity concerns resurface; volatility spikes.,INDEX
2024-02-23,Bloomberg,Positive headline on 2024-02-23,Company earnings beat expectations; analysts raise outlook.,INDEX
2024-02-23,FT,Positive headline on 2024-02-23,"Policy support boosts market confidence, inflows accelerate.",INDEX
2024-02-23,WSJ,Neutral headline on 2024-02-23,Company issues routine update; minimal impact expected.,INDEX
2024-02-23,FT,Neutral headline on 2024-02-23,Mixed market performance; investors await key data releases.,INDEX
2024-02-26,WSJ,Negative headline on 2024-02-26,Geopolitical tensions weigh on sentiment; risk-off flows emerge.,INDEX
2024-02-26,自媒体,Negative headline on 2024-02-26,Earnings miss prompts downgrades; investors turn cautious.,INDEX
2024-02-26,Reuters,Positive headline on 2024-02-26,Company earnings beat expectations; analysts raise outlook.,INDEX
2024-02-26,Reuters,Positive headline on 2024-02-26,"Policy support boosts market confidence, inflows accelerate.",INDEX
2024-02-26,CNBC,Neutral headline on 2024-02-26,Mixed market performance; investors await key data releases.,INDEX
2024-02-26,WSJ,Positive headline on 2024-02-26,Macro data improves; risk appetite increases across sectors.,INDEX
2024-02-27,自媒体,Neutral headline on 2024-02-27,Company issues routine update; minimal impact expected.,INDEX
2024-02-27,自媒体,Negative headline on 2024-02-27,Geopolitical tensions weigh on sentiment; risk-off flows emerge.,INDEX
2024-02-27,CNBC,Neutral headline on 2024-02-27,Company issues routine update; minimal impact expected.,INDEX
2024-02-28,WSJ,Negative headline on 2024-02-28,Earnings miss prompts downgrades; investors turn cautious.,INDEX
2024-02-28,WSJ,Positive headline on 2024-02-28,"Policy support boosts market confidence, inflows accelerate.",INDEX
2024-02-28,CNBC,Negative headline on 2024-02-28,Geopolitical tensions weigh on sentiment; risk-off flows emerge.,INDEX
2024-02-28,自媒体,Neutral headline on 2024-02-28,Sector rotation continues; valuations remain in focus.,INDEX
2024-02-28,自媒体,Neutral headline on 2024-02-28,Sector rotation continues; valuations remain in focus.,INDEX
2024-02-28,自媒体,Negative headline on 2024-02-28,Earnings miss prompts downgrades; investors turn cautious.,INDEX
2024-02-28,Reuters,Negative headline on 2024-02-28,Earnings miss prompts downgrades; investors turn cautious.,INDEX
2024-02-29,FT,Neutral headline on 2024-02-29,Sector rotation continues; valuations remain in focus.,INDEX
2024-02-29,CNBC,Negative headline on 2024-02-29,Geopolitical tensions weigh on sentiment; risk-off flows emerge.,INDEX
2024-02-29,Bloomberg,Negative headline on 2024-02-29,Geopolitical tensions weigh on sentiment; risk-off flows emerge.,INDEX
2024-02-29,自媒体,Positive headline on 2024-02-29,"Policy support boosts market confidence, inflows accelerate.",INDEX
2024-03-01,自媒体,Negative headline on 2024-03-01,Liquidity concerns resurface; volatility spikes.,INDEX
2024-03-01,Reuters,Positive headline on 2024-03-01,Company earnings beat expectations; analysts raise outlook.,INDEX
2024-03-01,WSJ,Negative headline on 2024-03-01,Liquidity concerns resurface; volatility spikes.,INDEX
2024-03-01,Bloomberg,Neutral headline on 2024-03-01,Sector rotation continues; valuations remain in focus.,INDEX
2024-03-01,WSJ,Positive headline on 2024-03-01,Company earnings beat expectations; analysts raise outlook.,INDEX
2024-03-01,WSJ,Negative headline on 2024-03-01,Geopolitical tensions weigh on sentiment; risk-off flows emerge.,INDEX
2024-03-04,FT,Negative headline on 2024-03-04,Earnings miss prompts downgrades; investors turn cautious.,INDEX
2024-03-04,CNBC,Positive headline on 2024-03-04,Company earnings beat expectations; analysts raise outlook.,INDEX
2024-03-04,FT,Neutral headline on 2024-03-04,Sector rotation continues; valuations remain in focus.,INDEX
2024-03-05,自媒体,Negative headline on 2024-03-05,Earnings miss prompts downgrades; investors turn cautious.,INDEX
2024-03-05,CNBC,Neutral headline on 2024-03-05,Mixed market performance; investors await key data releases.,INDEX
2024-03-05,自媒体,Negative headline on 2024-03-05,Liquidity concerns resurface; volatility spikes.,INDEX
2024-03-05,Bloomberg,Neutral headline on 2024-03-05,Company issues routine update; minimal impact expected.,INDEX
2024-03-05,FT,Neutral headline on 2024-03-05,Sector rotation continues; valuations remain in focus.,INDEX
2024-03-05,Bloomberg,Positive headline on 2024-03-05,Company earnings beat expectations; analysts raise outlook.,INDEX
2024-03-05,WSJ,Neutral headline on 2024-03-05,Mixed market performance; investors await key data releases.,INDEX
2024-03-06,FT,Negative headline on 2024-03-06,Liquidity concerns resurface; volatility spikes.,INDEX
2024-03-06,Bloomberg,Neutral headline on 2024-03-06,Sector rotation continues; valuations remain in focus.,INDEX
2024-03-06,自媒体,Neutral headline on 2024-03-06,Mixed market performance; investors await key data releases.,INDEX
2024-03-07,FT,Positive headline on 2024-03-07,Macro data improves; risk appetite increases across sectors.,INDEX
2024-03-07,WSJ,Positive headline on 2024-03-07,Macro data improves; risk appetite increases across sectors.,INDEX
2024-03-07,WSJ,Negative headline on 2024-03-07,Earnings miss prompts downgrades; investors turn cautious.,INDEX
2024-03-07,自媒体,Negative headline on 2024-03-07,Liquidity concerns resurface; volatility spikes.,INDEX
2024-03-07,Reuters,Negative headline on 2024-03-07,Earnings miss prompts downgrades; investors turn cautious.,INDEX
2024-03-07,Bloomberg,Negative headline on 2024-03-07,Geopolitical tensions weigh on sentiment; risk-off flows emerge.,INDEX
2024-03-08,WSJ,Neutral headline on 2024-03-08,Company issues routine update; minimal impact expected.,INDEX
2024-03-08,Bloomberg,Negative headline on 2024-03-08,Earnings miss prompts downgrades; investors turn cautious.,INDEX
2024-03-08,FT,Neutral headline on 2024-03-08,Company issues routine update; minimal impact expected.,INDEX
2024-03-08,FT,Negative headline on 2024-03-08,Geopolitical tensions weigh on sentiment; risk-off flows emerge.,INDEX
2024-03-08,自媒体,Positive headline on 2024-03-08,Macro data improves; risk appetite increases across sectors.,INDEX
2024-03-11,自媒体,Positive headline on 2024-03-11,"Policy support boosts market confidence, inflows accelerate.",INDEX
2024-03-11,FT,Negative headline on 2024-03-11,Liquidity concerns resurface; volatility spikes.,INDEX
2024-03-11,WSJ,Neutral headline on 2024-03-11,Mixed market performance; investors await key data releases.,INDEX
2024-03-11,Reuters,Neutral headline on 2024-03-11,Sector rotation continues; valuations remain in focus.,INDEX
2024-03-11,CNBC,Neutral headline on 2024-03-11,Mixed market performance; investors await key data releases.,INDEX
2024-03-12,Bloomberg,Positive headline on 2024-03-12,Macro data improves; risk appetite increases across sectors.,INDEX
2024-03-12,Bloomberg,Neutral headline on 2024-03-12,Mixed market performance; investors await key data releases.,INDEX
2024-03-12,自媒体,Neutral headline on 2024-03-12,Mixed market performance; investors await key data releases.,INDEX
2024-03-12,CNBC,Neutral headline on 2024-03-12,Mixed market performance; investors await key data releases.,INDEX
2024-03-12,自媒体,Positive headline on 2024-03-12,"Policy support boosts market confidence, inflows accelerate.",INDEX
2024-03-13,Reuters,Positive headline on 2024-03-13,"Policy support boosts market confidence, inflows accelerate.",INDEX
2024-03-13,自媒体,Negative headline on 2024-03-13,Liquidity concerns resurface; volatility spikes.,INDEX
2024-03-13,CNBC,Positive headline on 2024-03-13,"Policy support boosts market confidence, inflows accelerate.",INDEX
2024-03-13,CNBC,Positive headline on 2024-03-13,Macro data improves; risk appetite increases across sectors.,INDEX
2024-03-13,自媒体,Positive headline on 2024-03-13,Macro data improves; risk appetite increases across sectors.,INDEX
2024-03-13,自媒体,Neutral headline on 2024-03-13,Company issues routine update; minimal impact expected.,INDEX
2024-03-13,WSJ,Neutral headline on 2024-03-13,Mixed market performance; investors await key data releases.,INDEX
2024-03-14,FT,Positive headline on 2024-03-14,Macro data improves; risk appetite increases across sectors.,INDEX
2024-03-14,Bloomberg,Positive headline on 2024-03-14,Macro data improves; risk appetite increases across sectors.,INDEX
2024-03-14,Reuters,Negative headline on 2024-03-14,Liquidity concerns resurface; volatility spikes.,INDEX
2024-03-14,Reuters,Neutral headline on 2024-03-14,Company issues routine update; minimal impact expected.,INDEX
2024-03-14,Reuters,Negative headline on 2024-03-14,Earnings miss prompts downgrades; investors turn cautious.,INDEX
2024-03-14,Reuters,Negative headline on 2024-03-14,Earnings miss prompts downgrades; investors turn cautious.,INDEX
2024-03-14,Bloomberg,Positive headline on 2024-03-14,Macro data improves; risk appetite increases across sectors.,INDEX
2024-03-15,FT,Positive headline on 2024-03-15,Macro data improves; risk appetite increases across sectors.,INDEX
2024-03-15,FT,Negative headline on 2024-03-15,Earnings miss prompts downgrades; investors turn cautious.,INDEX
2024-03-15,WSJ,Positive headline on 2024-03-15,Macro data improves; risk appetite increases across sectors.,INDEX
2024-03-15,CNBC,Positive headline on 2024-03-15,Company earnings beat expectations; analysts raise outlook.,INDEX
2024-03-15,CNBC,Negative headline on 2024-03-15,Earnings miss prompts downgrades; investors turn cautious.,INDEX
2024-03-15,自媒体,Neutral headline on 2024-03-15,Mixed market performance; investors await key data releases.,INDEX
2024-03-18,FT,Neutral headline on 2024-03-18,Company issues routine update; minimal impact expected.,INDEX
2024-03-18,CNBC,Negative headline on 2024-03-18,Earnings miss prompts downgrades; investors turn cautious.,INDEX
2024-03-18,CNBC,Negative headline on 2024-03-18,Geopolitical tensions weigh on sentiment; risk-off flows emerge.,INDEX
2024-03-19,CNBC,Neutral headline on 2024-03-19,Mixed market performance; investors await key data releases.,INDEX
2024-03-19,Reuters,Positive headline on 2024-03-19,Macro data improves; risk appetite increases across sectors.,INDEX
2024-03-19,CNBC,Positive headline on 2024-03-19,"Policy support boosts market confidence, inflows accelerate.",INDEX
2024-03-19,Bloomberg,Neutral headline on 2024-03-19,Sector rotation continues; valuations remain in focus.,INDEX
2024-03-20,Bloomberg,Negative headline on 2024-03-20,Geopolitical tensions weigh on sentiment; risk-off flows emerge.,INDEX
2024-03-20,Reuters,Negative headline on 2024-03-20,Earnings miss prompts downgrades; investors turn cautious.,INDEX
2024-03-20,Reuters,Neutral headline on 2024-03-20,Company issues routine update; minimal impact expected.,INDEX
2024-03-20,自媒体,Neutral headline on 2024-03-20,Company issues routine update; minimal impact expected.,INDEX
2024-03-20,Bloomberg,Negative headline on 2024-03-20,Earnings miss prompts downgrades; investors turn cautious.,INDEX
2024-03-20,WSJ,Negative headline on 2024-03-20,Liquidity concerns resurface; volatility spikes.,INDEX
2024-03-20,FT,Positive headline on 2024-03-20,Macro data improves; risk appetite increases across sectors.,INDEX
2024-03-21,WSJ,Positive headline on 2024-03-21,Macro data improves; risk appetite increases across sectors.,INDEX
2024-03-21,CNBC,Neutral headline on 2024-03-21,Company issues routine update; minimal impact expected.,INDEX
2024-03-21,WSJ,Positive headline on 2024-03-21,Macro data improves; risk appetite increases across sectors.,INDEX
2024-03-22,Bloomberg,Neutral headline on 2024-03-22,Sector rotation continues; valuations remain in focus.,INDEX
2024-03-22,WSJ,Neutral headline on 2024-03-22,Company issues routine update; minimal impact expected.,INDEX
2024-03-22,Reuters,Negative headline on 2024-03-22,Liquidity concerns resurface; volatility spikes.,INDEX
2024-03-22,CNBC,Positive headline on 2024-03-22,"Policy support boosts market confidence, inflows accelerate.",INDEX
2024-03-25,Bloomberg,Positive headline on 2024-03-25,Company earnings beat expectations; analysts raise outlook.,INDEX
2024-03-25,Reuters,Positive headline on 2024-03-25,Macro data improves; risk appetite increases across sectors.,INDEX
2024-03-25,WSJ,Negative headline on 2024-03-25,Geopolitical tensions weigh on sentiment; risk-off flows emerge.,INDEX
2024-03-25,Bloomberg,Positive headline on 2024-03-25,Company earnings beat expectations; analysts raise outlook.,INDEX
2024-03-25,自媒体,Positive headline on 2024-03-25,"Policy support boosts market confidence, inflows accelerate.",INDEX
2024-03-25,Bloomberg,Neutral headline on 2024-03-25,Mixed market performance; investors await key data releases.,INDEX
